Saudiwoman,oct26driving
bakkurii,Saudiwoman
GhadahG,Saudiwoman
AgentWhiskers,Saudiwoman
LoujainHathloul,oct26driving
3nod1994,Saudiwoman
mohad_f,oct26driving
dalalkaki,Saudiwoman
amal_620,oct26driving
yw_w,oct26driving
Glorias112,mohad_f
Raed_Alajlan,mohad_f
Bn_Dr,oct26driving
BHemperor,oct26driving
sa7ar4,mohad_f
fatma_qq,oct26driving
xtallyp,Saudiwoman
BHemperor,yw_w
yw_w,BHemperor
alharbi1433333,oct26driving
Naderotb,mohad_f
mahaalotaibe,mohad_f
avnan_3w,mohad_f
RaMa_077,mohad_f
BHemperor,yw_w
3noudh_86,oct26driving
aaaw25,oct26driving
yw_w,BHemperor
h_llem,oct26driving
jahfarini,Saudiwoman
Rahaf_alamro,oct26driving
BHemperor,yw_w
CompEngAR,Saudiwoman
AnhaRivers,aaaw25
mss_diary,oct26driving
iBulbul_,Saudiwoman
yw_w,BHemperor
anwarshauibi,oct26driving
_fly_0,Saudiwoman
m_mahfoudh,mohad_f
Saleh140,mohad_f
LoujainHathloul,oct26driving
Mha_i,oct26driving
kh_ghamde,LoujainHathloul
Mha_i,oct26driving
Hippostan,LoujainHathloul
itzNdo33,LoujainHathloul
saaaroonah123,LoujainHathloul
almul7id,LoujainHathloul
hode0000,LoujainHathloul
drmkam,oct26driving
jMelah_AlShmmri,LoujainHathloul
drmkam,oct26driving
mhmd0705656,LoujainHathloul
The_insider_19,oct26driving
drmkam,aaaw25
no2020ra,LoujainHathloul
The_insider_19,LoujainHathloul
Ghado_6,LoujainHathloul
saaaroonah123,oct26driving
Kalthaqeel,LoujainHathloul
ali43280,LoujainHathloul
Ghado_6,oct26driving
ghadaa_2013,LoujainHathloul
ssaadd202,LoujainHathloul
Mahawie87,oct26driving
QQ_001,ahmad_hzazzi
vevo1992,LoujainHathloul
turkibin3zoz,LoujainHathloul
ANDOOKZ,oct26driving
emaan1413,oct26driving
ibrahemabdulla3,LoujainHathloul
emaan1413,oct26driving
BHemperor,yw_w
sfmh111,LoujainHathloul
iMajdTS,aaaw25
aahmed_97,oct26driving
reemaalnaser8,oct26driving
X11011X,aaaw25
BHemperor,yw_w
daniiAli,oct26driving
Saudipx,oct26driving
iMajdTS,oct26driving
te_mam,oct26driving
thinkerXXX,oct26driving
Aroziza,LoujainHathloul
Feras_KL,LoujainHathloul
Marzoqalotaibi,oct26driving
iMajdTS,oct26driving
iaymen,LoujainHathloul
Samar______,LoujainHathloul
0_dane,yw_w
0_dane,LoujainHathloul
myar222,LoujainHathloul
lThamerl,oct26driving
Hnotweet,LoujainHathloul
jonghood90,oct26driving
__hu20,Marzoqalotaibi
of_mnal,oct26driving
salha21826047,oct26driving
Free_gh,oct26driving
abdulmgeed07,LoujainHathloul
weird7101,LoujainHathloul
weird7101,LoujainHathloul
xFahadMD,LoujainHathloul
LETSGO29F3906A,oct26driving
BHemperor,oct26driving
mohmmad_alnemri,LoujainHathloul
alirashid25,aaaw25
BHemperor,xKhaled_asiriX
3shq22,LoujainHathloul
yw_w,BHemperor
BHemperor,xKhaled_asiriX
hailalialshaala,oct26driving
BHemperor,xKhaled_asiriX
aboaziz409,oct26driving
yw_w,BHemperor
yyaarrbb,oct26driving
norahalshareef,Saudiwoman
BHemperor,yw_w
yw_w,BHemperor
Dareena93,LoujainHathloul
Vip27Mr,LoujainHathloul
NNufaie,oct26driving
BHemperor,yw_w
yw_w,BHemperor
NNufaie,oct26driving
yw_w,BHemperor
BHemperor,yw_w
aboaziz409,oct26driving
Ms_hno0,oct26driving
Ms_hno0,oct26driving
BHemperor,yw_w
aboaziz409,oct26driving
nda20052010,oct26driving
BHemperor,alaseri_khaled
yw_w,BHemperor
aboaziz409,oct26driving
yw_w,BHemperor
BHemperor,yw_w
333444t,oct26driving
BHemperor,yw_w
Dr_Nouf,oct26driving
nda20052010,oct26driving
yw_w,BHemperor
ngamprad,oct26driving
BHemperor,yw_w
xKhaled_asiriX,yw_w
BHemperor,yw_w
xKhaled_asiriX,yw_w
BHemperor,xKhaled_asiriX
xKhaled_asiriX,yw_w
_sh1994_,oct26driving
BHemperor,xKhaled_asiriX
Malek809,LoujainHathloul
xKhaled_asiriX,BHemperor
yw_w,BHemperor
BHemperor,yw_w
w7d2,LoujainHathloul
OmarAOBawajeeh,LoujainHathloul
__BNA,oct26driving
yw_w,BHemperor
3000A7law7da,LoujainHathloul
yw_w,BHemperor
wesam43210,oct26driving
SMSMHD,LoujainHathloul
yw_w,BHemperor
612asre,LoujainHathloul
dr_mahasaad,oct26driving
BatAli1,oct26driving
sugar140000,aboaziz409
sugar140000,oct26driving
sniber_k,oct26driving
QQ_001,ahmad_hzazzi
IMohdBH,nda20052010
asa16161,LoujainHathloul
asa16161,LoujainHathloul
Turki15,oct26driving
cenatorcom,aaaw25
BHemperor,yw_w
Munirah_Alrebdi,Turki15
dode_zead,LoujainHathloul
zaki_safar,oct26driving
dode_zead,oct26driving
TMH1404,zaki_safar
AbodiRammal,zaki_safar
AbodiRammal,zaki_safar
Ghado_6,Turki15
tdhamad,zaki_safar
zizi_sweety,zaki_safar
Abdul_IA,zaki_safar
Alyaa_AlGarni,oct26driving
lianalharby,AbodiRammal
z3loni,zaki_safar
saleha_al,LoujainHathloul
z3loni,zaki_safar
Fatmh_alqurashi,oct26driving
Mq_AbduL1,zaki_safar
shy5h1_1,oct26driving
shy5h1_1,LoujainHathloul
MahaNoorElahi,zaki_safar
ml7d25,oct26driving
saaaroonah123,oct26driving
Marzoqalotaibi,oct26driving
Smrtw,zaki_safar
Abufahd9090,zaki_safar
el1painter,oct26driving
el1painter,oct26driving
ahmad_atc,zaki_safar
1990_amani,LoujainHathloul
MalakAlhor,zaki_safar
9o0o7,zaki_safar
_amu3833_,zaki_safar
Rami_Thubaiti,zaki_safar
bndrsami,LoujainHathloul
Maha_alSenan,zaki_safar
fat00m88,zaki_safar
Zawawi200881,LoujainHathloul
SRO__A,oct26driving
AbdllahAlbakri,zaki_safar
AnwaarBagader,zaki_safar
m_i_m_o_90,zaki_safar
Abufahd9090,zaki_safar
Aamna_MH,oct26driving
dr_mahasaad,oct26driving
mahaalotaibe,oct26driving
MoodRaig,zaki_safar
fa6_sal7,zaki_safar
Mahawie87,LoujainHathloul
NahlaBinNayef,Saudiwoman
Nostalgia_90_,oct26driving
nour_AlGrainees,zaki_safar
Alanazima,zaki_safar
AbeerSolomon,mohad_f
ahmed_fin,zaki_safar
LatifaALyaeesh,LoujainHathloul
reemslife,aboaziz409
reemslife,oct26driving
reemslife,nda20052010
Fouad_RZ,zaki_safar
SarahTurkustani,zaki_safar
taleen0000,LoujainHathloul
alqahtani757,LoujainHathloul
iReso,LoujainHathloul
niran2088,LoujainHathloul
Fa6maZakaria,oct26driving
ghsn0,zaki_safar
963II,LoujainHathloul
saharmq,zaki_safar
AmalOooo99,oct26driving
cassiopeia1135,zaki_safar
mzalmahmoud,LoujainHathloul
hanno9_,zaki_safar
reham_alothman,oct26driving
Qahtanimo,zaki_safar
12bentanoor,zaki_safar
_2525214579402,LoujainHathloul
r_bogami,oct26driving
r_bogami,oct26driving
r_bogami,oct26driving
r_bogami,oct26driving
sniper1117,oct26driving
hamad_42,LoujainHathloul
t_saif,oct26driving
raid_4444,oct26driving
bagadood,oct26driving
asd188423,oct26driving
baleid,oct26driving
asd188423,oct26driving
asd188423,oct26driving
hardboy1984,LoujainHathloul
UsamahAbdullah,oct26driving
Abdulaziz_1900,LoujainHathloul
Abdulaziz_1900,oct26driving
Abdulaziz_1900,oct26driving
Abdulaziz_1900,oct26driving
UsamahAbdullah,oct26driving
Lahfa0111,LoujainHathloul
Abdulaziz_1900,oct26driving
eidbnthani,oct26driving
shiftsa,zaki_safar
abunezar5,oct26driving
appl_bnt_mac,zaki_safar
mteb32,LoujainHathloul
zaki_safar,oct26driving
besh_ha0,zaki_safar
Arfaj89,zaki_safar
KhaledMotlaq,zaki_safar
missghof,zaki_safar
NawafALMeleihi,oct26driving
NawafALMeleihi,oct26driving
I_Lonza,zaki_safar
ReyoufB,zaki_safar
6Cubs,zaki_safar
halalg2,zaki_safar
Anhar_92,ReyoufB
woman2323,zaki_safar
Odre5,zaki_safar
malak114,ReyoufB
alzahrabu50,oct26driving
zaki_safar,Odre5
zaki_safar,woman2323
zaki_safar,besh_ha0
ADhubyani,zaki_safar
donyaalsamt,zaki_safar
I_sos99,zaki_safar
Abdul_IA,zaki_safar
36yaaat,zaki_safar
layla_khalifah,zaki_safar
hanno9_,Abdul_IA
ScAyMaN1,zaki_safar
WajdiAssiri,zaki_safar
hanno9_,Abdul_IA
ISeeU01,zaki_safar
GareebFiDari,ISeeU01
Abdul_IA,hanno9_
Falesta,ISeeU01
zaki_safar,Falesta
layla_khalifah,Falesta
Mashael811,zaki_safar
yoyo_rm,LoujainHathloul
BntNajd,Saudiwoman
NTwaijri_,zaki_safar
rgrgu123,zaki_safar
ISeeU01,layla_khalifah
Hekayahskr,zaki_safar
iShi7_,zaki_safar
mohanna1212,zaki_safar
faesal000,Falesta
3almiaAljazera,besh_ha0
donat68,zaki_safar
nayef966,zaki_safar
nayef966,zaki_safar
alharbi_70,zaki_safar
ageel87,zaki_safar
12_15me86,zaki_safar
aalobaidallah,ReyoufB
fouz_fm,layla_khalifah
ISeeU01,faesal000
AlsheebQatar,zaki_safar
Basma_saad2011,oct26driving
nour_AlGrainees,zaki_safar
lzharah,zaki_safar
882Com,ReyoufB
OOCDO,iShi7_
Najwaaalrajhi,oct26driving
Abdullahshaher,oct26driving
AljawharahAbdul,oct26driving
iShi7_,OOCDO
Reham_AMJ,Falesta
Tofaa_Azez,wijdan_a
aiad_alshamiry,LoujainHathloul
3almiaAljazera,zaki_safar
Shehriab,zaki_safar
oshaa300,ISeeU01
motayam007,zaki_safar
AbuLian911,zaki_safar
wmarshedi,zaki_safar
mm772006,zaki_safar
BHemperor,oct26driving
BHemperor,oct26driving
bbib99,zaki_safar
Tofaa_Azez,wijdan_a
sfm99999sfm,oct26driving
Oomnwaf,zaki_safar
hayofm,oct26driving
BerrySilent,oct26driving
BerrySilent,Saudiwoman
sfm99999sfm,oct26driving
I_EYLUL,oct26driving
itzNdo33,oct26driving
zaki_safar,Saudiwoman
NajlaAbdurahman,oct26driving
sagaalmulhim,zaki_safar
Gegepink19,zaki_safar
daniiAli,oct26driving
rhal84,zaki_safar
ashy_8,zaki_safar
fahd20113,zaki_safar
dndnma,zaki_safar
onlyinsaudi,zaki_safar
3enazi,zaki_safar
cassiopeia1135,oct26driving
cassiopeia1135,BHemperor
cassiopeia1135,oct26driving
Anoud30,oct26driving
cassiopeia1135,oct26driving
Nour2ALTamimi,zaki_safar
HaifaAlKhalaf,zaki_safar
TKMXS,zaki_safar
Hanadi_FT,zaki_safar
oct26driving,zaki_safar
shai5haalmann3i,zaki_safar
me_mo84,zaki_safar
WowDreams,zaki_safar
lo0o0tus,zaki_safar
w7d2,LoujainHathloul
ptmemo9,zaki_safar
Doodii_34,LoujainHathloul
Seventythree__,zaki_safar
0H00H0,zaki_safar
AlseikhanBdoor,oct26driving
wa_fa89,oct26driving
linabukhari_,oct26driving
Amalalshammasi,zaki_safar
LatifaALyaeesh,oct26driving
el1painter,oct26driving
el1painter,oct26driving
el1painter,oct26driving
el1painter,zaki_safar
aziz713,BandarM
__iMai,zaki_safar
am_najd,zaki_safar
lambaar,zaki_safar
bodkashdah,oct26driving
ISeeU01,oct26driving
Basem_A,oct26driving
fouadalhusary,oct26driving
DoolyT,ReyoufB
3zf_3,oct26driving
ISeeU01,3zf_3
Fa6maZakaria,zaki_safar
3dl_6666,oct26driving
el1painter,oct26driving
hnan44alkon,zaki_safar
Basoomah85,zaki_safar
BahiaAlmansour,oct26driving
t_saif,zaki_safar
salamalwail,zaki_safar
samsoom177,zaki_safar
la5y5,zaki_safar
12_15me86,zaki_safar
samsoom177,besh_ha0
samsoom177,Arfaj89
samsoom177,ReyoufB
auoshaa,zaki_safar
samsoom177,woman2323
abdulahalsamari,zaki_safar
sara_alaskar_,oct26driving
zzz4190,zaki_safar
s0s0909,oct26driving
i_wed,oct26driving
i_LadyF,oct26driving
i_LadyF,oct26driving
RooRyta_22,zaki_safar
badryyah,faesal000
HatoonALFASSI,W2Drive
zzz4190,oct26driving
HamssJh,faesal000
7bibmalak,zaki_safar
BM__0,oct26driving
11_jak,oct26driving
faesal000,HamssJh
HatoonALFASSI,khaldeen
NajibCherif,HatoonALFASSI
GHADAALRAJHI,Najwaaalrajhi
FAlsuwayeh,HatoonALFASSI
Rana_Mok,oct26driving
s_almogren,HatoonALFASSI
Talal_alateeq,HatoonALFASSI
BM__0,oct26driving
YFNA94,zaki_safar
eidbnthani,HatoonALFASSI
alsabban1982,HatoonALFASSI
ksa100100100,HatoonALFASSI
HebaJamaln,HatoonALFASSI
maha_alsalem,HatoonALFASSI
salem_sa333,HatoonALFASSI
prof_rakan,HatoonALFASSI
aamm1434,HatoonALFASSI
HatoonALFASSI,alsabban1982
fbfozan,zaki_safar
h_algain,HatoonALFASSI
AbdullahMMugrin,HatoonALFASSI
11a_flower,HatoonALFASSI
76rt_jnabe,oct26driving
76rt_jnabe,oct26driving
MohmdAttamimi,HatoonALFASSI
funloving659,HatoonALFASSI
bader_8667,HatoonALFASSI
Ghada_Pen,HatoonALFASSI
no0o0o0ohr,HatoonALFASSI
OTA_Faisal,LoujainHathloul
HatoonALFASSI,oct26driving
alia_hathloul,HatoonALFASSI
TOTbg1090,oct26driving
azizayousef,oct26driving
azizayousef,oct26driving
sara2000_22,HatoonALFASSI
AtaFadi,oct26driving
M0NA1989,HatoonALFASSI
bashyir1,oct26driving
ROOOY84,prof_rakan
MahaAlrajeh,HatoonALFASSI
alsadiq07,oct26driving
asseedan,oct26driving
norah_nr,oct26driving
HeNd2016,oct26driving
zzz4190,oct26driving
movei2000,HatoonALFASSI
RYunjae,oct26driving
a7lazainab,oct26driving
lamyaMB,zaki_safar
CARMroid,asd188423
HatoonALFASSI,oct26driving
HatoonALFASSI,oct26driving
abu2sager,zaki_safar
asoomah1,HatoonALFASSI
albader92,oct26driving
ThurayaArrayed,HatoonALFASSI
Da7eyatAlmojtam,HatoonALFASSI
msfofa2,faesal000
vcrzv,HatoonALFASSI
wxxxw2,HatoonALFASSI
HatoonALFASSI,oct26driving
abodheiman,zaki_safar
FatmaEmran,HatoonALFASSI
Da7eyatAlmojtam,HatoonALFASSI
HatoonALFASSI,oct26driving
AbdullahDaeeg,zaki_safar
hatoonjambi,HatoonALFASSI
HatoonALFASSI,oct26driving
Talal_alateeq,HatoonALFASSI
HatoonALFASSI,oct26driving
HatoonALFASSI,oct26driving
HatoonALFASSI,oct26driving
abeerabdalaziz,oct26driving
HatoonALFASSI,oct26driving
abeerabdalaziz,oct26driving
NourahAlghanem,oct26driving
abeerabdalaziz,oct26driving
MANAL772,HatoonALFASSI
MANAL772,oct26driving
Da7eyatAlmojtam,HatoonALFASSI
1976_azzi,oct26driving
mrs_saaraa,oct26driving
lamyaMB,oct26driving
BESHR7,oct26driving
Talal_alateeq,oct26driving
HayaamAlfarraj,oct26driving
Talal_alateeq,oct26driving
lamyaMB,oct26driving
Talal_alateeq,oct26driving
Hessahalsheikh,HatoonALFASSI
mrs_saaraa,oct26driving
Da7eyatAlmojtam,oct26driving
ThurayaArrayed,oct26driving
Mai_776,oct26driving
lamyaMB,oct26driving
lamyaMB,oct26driving
mrhonest284,HatoonALFASSI
lamyaMB,oct26driving
shiftsa,zaki_safar
moshaaaaaaaa,zaki_safar
lamyaMB,Da7eyatAlmojtam
no0o0l,HatoonALFASSI
Wac12511,zaki_safar
bnah_11,HatoonALFASSI
h_algain,oct26driving
HatoonALFASSI,h_algain
lamyaMB,vcrzv
zainab20132570,Mai_776
lamyaMB,HatoonALFASSI
AnwaarSuwayan,oct26driving
h_algain,oct26driving
HafezakaL,oct26driving
DrAbdulhai,oct26driving
mogrenm_,HatoonALFASSI
BerrySilent,HatoonALFASSI
73b8n,oct26driving
DrAbdulhai,HatoonALFASSI
HafezakaL,shkhazindar
malek_49,HatoonALFASSI
mazenalghamdi11,HatoonALFASSI
rbab_1435,oct26driving
H_RR_T,oct26driving
122334aa,oct26driving
Ghidaaqattan,oct26driving
norahalshareef,oct26driving
Mesha3m,MANAL772
khaledalofi,HatoonALFASSI
sss_ss20,oct26driving
totti4141,zaki_safar
totti4141,zaki_safar
DrAbdulhai,oct26driving
DrAbdulhai,oct26driving
DrAbdulhai,oct26driving
DrAbdulhai,oct26driving
DrAbdulhai,HatoonALFASSI
bbb201121,HatoonALFASSI
